Newsgate_SEC,WordPress_CAT
Resumen Anual,Need mapping
DallasFort Worth,Dallas
Columnas,Dallas
Educacion,Dallas
Gobierno,Dallas
Opinion,Dallas
Politica,Dallas
Tu Dinero,Dallas
DecimoAniversario,Need mapping
Deportes,Deportes
Futbol,Futbol
Liga Mexicana,Mas Deportes
MLB:Texas Rangers,MLB/Texas Rangers
MLS: FC Dallas,Mas Deportes
Mundial,Mas Deportes
NBA:Mavericks,NBA/Mavericks
NFL: Dallas Cowboys,NFL/Dallas Cowboys
Otros Deportes,Mas Deportes
Migracion,Need mapping
ColumnaMigracion,Need mapping
Lo+Caliente,Espectáculos
Celebridades,Espectáculos
Cine,Espectáculos
Conciertos,Espectáculos
Que Hacer,Espectáculos
Television,Espectáculos
Tu Musica,Espectáculos
Mexico,México
Estados,México
Fronteras,México
Nacional,Estados Unidos
Noticias,Noticias
Columnas,Noticias
Inmigracion,Inmigración
Internacional,Internacional
Opinion,Noticias
Tecnologia,Noticias
Salud,Salud
ColumnaSalud,Salud
Eventos,Salud
Reflexiones,Salud
Tu Salud,Salud
Vida Sana,Salud
Vida y Estilo,Vida y Estilo
Bienes Raices,Vida y Estilo
Empleo,Vida y Estilo
Estilos,Vida y Estilo
Familia,Vida y Estilo
Tu Sabor,Vida y Estilo
